rank,name,role,company,channel,how_to_reach,why_them,status
1,Matt Dorsey,"Supervisor, District 6",SF Board of Supervisors,"Email + phone, published",dorseystaff@sfgov.org / 415-554-7970,"17 of the 25 watched corners are in his district, carrying 5 fatalities and 98 severe injuries in the five-year record. Every letter the agent drafts for those corners is addressed to his office. Lead with the D6 number, not the product.",not yet
2,Dominica Donovan,Chief of Staff,Office of Supervisor Matt Dorsey,"Email via office, published","dorseystaff@sfgov.org, ask for her by name / 415-554-7970",Chief of staff is who actually decides whether a constituent-facing data tool gets 20 minutes. Gatekeeper for the highest-value district.,not yet
3,Madison Tam,Legislative Aide,Office of Supervisor Matt Dorsey,"Email via office, published",dorseystaff@sfgov.org / 415-554-7970,Aides field the constituent street-safety complaints that this agent's 311 and collision deltas are made of. Most likely person to have felt the problem personally.,not yet
4,Bryan Dahl,Legislative Aide,Office of Supervisor Matt Dorsey,"Email via office, published",dorseystaff@sfgov.org / 415-554-7970,Second aide in the district holding two thirds of the watched set. Redundancy on the highest-value office costs nothing.,not yet
5,Mahanaz Ebadi,Legislative Aide,Office of Supervisor Matt Dorsey,"Email via office, published",dorseystaff@sfgov.org / 415-554-7970,"Third aide, same office. One of the four D6 staff will answer within 48 hours.",not yet
6,Ricardo Olea,"City Traffic Engineer, Transportation Engineering",SFMTA Streets Division,"LinkedIn DM, or SFMTA Board public comment",VERIFY EMAIL FIRST. SFMTA pattern looks like First.Last@sfmta.com (only confirmed on Erica.Kato@sfmta.com). Fallback: public comment at the Board Street Safety Committee.,"The City Traffic Engineer owns the collision record this agent reads and the engineering decisions it would trigger. If the restraint ledger is credible to anyone in the city, it is credible to him first.",not yet
7,Uyen Ngo,Vision Zero Program Manager,SFMTA,"LinkedIn DM, or SFMTA Board public comment","VERIFY TITLE AND EMAIL FIRST. Title read off a Feb 2024 SFMTA Vision Zero Committee document, so confirm she is still in post before sending.",Runs the program the agent is built around. The 'most mornings it decides to do nothing' framing is aimed squarely at someone drowning in alerts that all say act.,not yet
8,Viktoriya Wise,Streets Division Director,SFMTA,"LinkedIn DM, or SFMTA Board public comment","VERIFY EMAIL FIRST, see row 6. Named on sfmta.com/units/streets-division.",Owns the division that publishes and maintains the street safety record. Budget authority for anything that becomes a pilot.,not yet
9,Julie Kirschbaum,Director of Transportation,SFMTA,SFMTA Board meeting public comment,Attend or call into the SFMTA Board of Directors meeting; agendas at sfmta.com. Also reachable via MTABoard@sfmta.com.,"Agency head, named permanent director in Feb 2025 during a budget crisis. An agent that cuts alert volume rather than adding to it is a budget story, not a tech story.",not yet
10,Sean Kennedy,Chief Planning and Delivery Officer,SFMTA Streets Division,"LinkedIn DM, or SFMTA Board public comment","VERIFY EMAIL FIRST, see row 6. Named on sfmta.com/units/streets-division.",Livable Streets sits under Planning and Delivery. He owns whether a corner's published page gets redrafted at all.,not yet
11,Fiona Hinze,"Director, Chair of the Street Safety Committee",SFMTA Board of Directors,"Email, published","MTABoard@sfmta.com, addressed to her as Street Safety Committee Chair",Chairs the committee this project was built for. A published email on a board that must read public comment is the single most reliable 48-hour route into SFMTA.,not yet
12,Stephanie Cajina,"Vice Chair, Street Safety Committee",SFMTA Board of Directors,"Email, published","MTABoard@sfmta.com, addressed to her as Vice Chair","Same committee, same verified inbox. Two named recipients doubles the odds one reads it.",not yet
13,Bilal Mahmood,"Supervisor, District 5",SF Board of Supervisors,"Email + phone, published",MahmoodStaff@sfgov.org / 415-554-7630,"6 watched corners in D5 including Jones and Market and Larkin and Willow, carrying 3 fatalities and 27 severe injuries. Second-largest share of the watched set.",not yet
14,Samantha Logan,Chief of Staff,Office of Supervisor Bilal Mahmood,"Email via office, published",MahmoodStaff@sfgov.org / 415-554-7630,Gatekeeper for the second-biggest district in the watched set.,not yet
15,Raynell Cooper,Legislative Aide,Office of Supervisor Bilal Mahmood,"Email via office, published",MahmoodStaff@sfgov.org / 415-554-7630,Handles the casework where a stale published figure actually bites.,not yet
16,Cassandra Matter,Communications Director,Office of Supervisor Bilal Mahmood,"Email via office, published",MahmoodStaff@sfgov.org / 415-554-7630,"A public ledger of decisions the office did not have to defend is a communications asset. Different pitch, same office, and comms people answer email faster.",not yet
17,William Macfie,Community Affairs Aide,Office of Supervisor Bilal Mahmood,"Email via office, published",MahmoodStaff@sfgov.org / 415-554-7630,Community affairs hears the neighborhood complaints about corners before anyone else does.,not yet
18,Jackie Fielder,"Supervisor, District 9",SF Board of Supervisors,"Email + phone, published",fielderstaff@sfgov.org / 415-554-5144,"Only 2 watched corners, 16th and Caledonia and 16th and Rondel, but they carry 4 of the 12 fatalities in the entire watched set. The sharpest single statistic you have for one office.",not yet
19,Jennifer Ferrigno,Legislative Aide,Office of Supervisor Jackie Fielder,"Email via office, published",fielderstaff@sfgov.org / 415-554-5144,"Two corners, four deaths. That fits in one sentence to an aide.",not yet
20,Sheila Chung Hagen,Legislative Aide,Office of Supervisor Jackie Fielder,"Email via office, published",fielderstaff@sfgov.org / 415-554-5144,Second D9 aide. Same one-sentence hook.,not yet
21,Ana Herrera,Legislative Aide,Office of Supervisor Jackie Fielder,"Email via office, published",fielderstaff@sfgov.org / 415-554-5144,Third D9 aide.,not yet
22,Sasha Gaona,Legislative Aide,Office of Supervisor Jackie Fielder,"Email via office, published",fielderstaff@sfgov.org / 415-554-5144,Fourth D9 aide.,not yet
23,Brian Xi,Funding Policy and Programs,Metropolitan Transportation Commission,"Email + phone, published",bxi@bayareametro.gov / 415-778-4433,"Staffs the Bay Area Vision Zero Working Group, whose members come from cities, counties, transit agencies and universities. One conversation is a route to every Vision Zero program in the region, and he is the named staff contact.",not yet
24,Megan Wier,Assistant Director,Oakland Department of Transportation,"LinkedIn DM, or via MTC working group intro from Brian Xi",VERIFY EMAIL FIRST. OakDOT general line via oaklandca.gov. Warmer route: ask Brian Xi for the intro.,Co-chaired San Francisco's Vision Zero Task Force from its inception and ran SFDPH's health and equity program before OakDOT. She is the one person on this list who has lived on both sides of exactly this data.,not yet
25,Rafael Mandelman,"Supervisor, District 8, Board President",SF Board of Supervisors,Email + phone via Board office,"board.of.supervisors@sfgov.org / 415-554-5184, ask for the D8 office","Board President. No watched corners in D8, so this is a citywide-policy conversation rather than a corner conversation.",not yet
26,Connie Chan,"Supervisor, District 1",SF Board of Supervisors,Email + phone via Board office,"board.of.supervisors@sfgov.org / 415-554-5184, ask for the D1 office","Same role as the three priority offices. No watched corners in D1: pitch is expanding the roster, not fixing her corners.",not yet
27,Myrna Melgar,"Supervisor, District 7",SF Board of Supervisors,Email + phone via Board office,"board.of.supervisors@sfgov.org / 415-554-5184, ask for the D7 office",Same as above. Useful only if the roster expands past the current 25 corners.,not yet
28,Shamann Walton,"Supervisor, District 10",SF Board of Supervisors,Email + phone via Board office,"board.of.supervisors@sfgov.org / 415-554-5184, ask for the D10 office",Same as above.,not yet
29,Danny Sauter,"Supervisor, District 3",SF Board of Supervisors,Email + phone via Board office,"board.of.supervisors@sfgov.org / 415-554-5184, ask for the D3 office","Same as above. D3 borders D6, so roster expansion is plausible here.",not yet
30,Chyanne Chen,"Supervisor, District 11",SF Board of Supervisors,Email + phone via Board office,"board.of.supervisors@sfgov.org / 415-554-5184, ask for the D11 office",Same as above.,not yet
31,Stephen Sherrill,"Supervisor, District 2",SF Board of Supervisors,Email + phone via Board office,"board.of.supervisors@sfgov.org / 415-554-5184, ask for the D2 office",Same as above.,not yet
32,Alan Wong,"Supervisor, District 4",SF Board of Supervisors,Email + phone via Board office,"board.of.supervisors@sfgov.org / 415-554-5184, ask for the D4 office",Same as above.,not yet
33,Berkeley Transportation Division,"Transportation Division, Public Works",City of Berkeley,"Email + phone + in person, published","transportation@berkeleyca.gov / 510-981-7010 / 1947 Center Street, 4th Floor, Mon-Fri 8:30-4:30","Berkeley has an adopted Vision Zero Action Plan and a walk-in office fifteen minutes from campus. No named staffer found online, so walking in and asking who owns the Vision Zero data is the fastest way to get one.",not yet
34,Ted Graff,"Parking, Curb Management, Operations and Enforcement",SFMTA Streets Division,"LinkedIn DM, or SFMTA Board public comment","VERIFY EMAIL FIRST, see row 6.",Adjacent rather than central: curb and enforcement rather than the collision record. Worth a message only after rows 6 to 10 have gone out.,not yet
35,Erica Kato,Chief Spokesperson and Media Relations Manager,SFMTA,"Email, published and verified",Erica.Kato@sfmta.com,"Not a buyer. She is the one verified individual SFMTA address found, which makes her the cheapest way to confirm the First.Last@sfmta.com pattern and to get routed to the right desk. Treat as a routing call, not a pitch.",not yet
